Polluant,valeur,Latitude,Longitude,nom site,Zas,Année
NO2,15.0,49.119442,6.180833,Metz-Centre,ZAG METZ,2020
NO2,13.0,49.110283,6.223336,Metz-Borny,ZAG METZ,2020
NO2,13.0,48.886387,6.093611,Atton,ZR GRAND-EST,2020
NO2,11.0,49.107502,6.122775,Scy-Chazelles,ZAG METZ,2020
NO2,13.0,49.36861,6.160831,Thionville-Piscine,ZAG METZ,2020
NO2,17.0,49.358337,6.156942,Thionville-Centre,ZAG METZ,2020
NO2,15.0,49.394444,6.201392,Thionville-Garche,ZAG METZ,2020
NO2,13.0,49.131115,6.207225,St-Julien-lès-Metz,ZAG METZ,2020
NO2,22.0,49.12508,6.181219,Metz- Pont Grilles,ZAG METZ,2020
NO2,16.0,49.16778,5.387461,Belleville sur Meuse,ZR GRAND-EST,2020
NO2,23.0,43.405297,5.051636,Martigues l'Ile,ZAG MARSEILLE-AIX,2020
NO2,21.0,43.44603,5.254136,Vitrolles,ZAG MARSEILLE-AIX,2020
NO2,16.0,43.675114,4.62921,Arles,ZR PROVENCE-ALPES-COTE D’AZUR,2020
NO2,13.0,43.639002,5.101097,SALON,ZAG MARSEILLE-AIX,2020
NO2,18.0,43.4165306,5.222281,Marignane,ZAG MARSEILLE-AIX,2020
NO2,35.0,43.276451,5.39736,MARSEILLE RABATAU,ZAG MARSEILLE-AIX,2020
NO2,30.0,43.348048,5.360119,MARSEILLE ST LOUIS,ZAG MARSEILLE-AIX,2020
NO2,28.0,43.524075,5.448164,AIX ROY RENE,ZAG MARSEILLE-AIX,2020
NO2,17.0,43.530285,5.440912,AIX CENTRE ECOLE ART,ZAG MARSEILLE-AIX,2020
NO2,14.0,43.293138,5.574184,AUBAGNE LES PASSONS,ZAG MARSEILLE-AIX,2020
NO2,22.0,43.305287,5.394716,MARSEILLE 5 AVENUES,ZAG MARSEILLE-AIX,2020
NO2,16.0,43.101565,5.875404,LA SEYNE GENOUD,ZAG TOULON,2020
NO2,31.0,43.126821,5.921605,TOULON FOCH,ZAG TOULON,2020
NO2,9.0,43.437874,6.76839,ESTEREL,ZAR FREJUS-DRAGUIGNAN,2020
NO2,18.0,43.131113,5.924184,TOULON CLARET,ZAG TOULON,2020
NO2,13.0,43.949673,4.804341,AVIGNON   MAIRIE,ZAG AVIGNON,2020
NO2,14.0,43.960144,4.856731,LE PONTET,ZAG AVIGNON,2020
NO2,24.0,43.93706,4.824909,Avignon Semard,ZAG AVIGNON,2020
NO2,21.0,48.930319,2.29435,GENNEVILLIERS,ZAG PARIS,2020
NO2,25.0,48.891666,2.346667,PARIS 18eme,ZAG PARIS,2020
NO2,45.0,48.827778,2.3275,Place Victor Basch,ZAG PARIS,2020
NO2,25.0,48.837223,2.3939,PARIS 12eme,ZAG PARIS,2020
NO2,25.0,48.88139,2.278056,NEUILLY-SUR-SEINE,ZAG PARIS,2020
NO2,25.0,48.9039,2.3847,AUBERVILLIERS,ZAG PARIS,2020
NO2,19.0,48.99083,2.444722,GONESSE,ZAG PARIS,2020
NO2,15.0,48.799168,2.130556,VERSAILLES,ZAG PARIS,2020
NO2,28.0,48.868772,2.311231,Av Champs Elysees,ZAG PARIS,2020
NO2,22.0,48.775897,2.375788,VITRY-SUR-SEINE,ZAG PARIS,2020
NO2,22.0,48.82861,2.360278,PARIS 13eme,ZAG PARIS,2020
NO2,6.0,48.581944,1.883333,Zone Rurale SO,ZR ILE-DE-FRANCE,2020
NO2,21.0,48.95139,2.223611,ARGENTEUIL,ZAG PARIS,2020
NO2,21.0,48.86212,2.344616,PARIS 1er Les Halles,ZAG PARIS,2020
NO2,59.0,48.925278,2.356667,Auto A1 -Saint-Denis,ZAG PARIS,2020
NO2,23.0,48.93722,2.361667,SAINT-DENIS,ZAG PARIS,2020
NO2,18.0,48.8572,2.2933,PARIS 7eme,ZAG PARIS,2020
NO2,16.0,48.9964,1.7033,MANTES-LA-JOLIE,ZAG PARIS,2020
NO2,15.0,48.54139,2.661389,MELUN,ZAG PARIS,2020
NO2,26.0,48.856388,2.335278,Rue Bonaparte,ZAG PARIS,2020
NO2,18.0,48.84028,2.635278,LOGNES,ZAG PARIS,2020
NO2,21.0,48.881947,2.507222,VILLEMOMBLE,ZAG PARIS,2020
NO2,21.0,48.816387,2.5175,CHAMPIGNY-SUR-MARNE,ZAG PARIS,2020
NO2,38.0,48.870274,2.3325,Place de l'Opéra,ZAG PARIS,2020
NO2,31.0,48.528057,2.653611,RN6-MELUN,ZAG PARIS,2020
NO2,42.0,48.90222,2.390833,RN2-PANTIN,ZAG PARIS,2020
NO2,35.0,48.873333,2.330278,Boulevard Haussmann,ZAG PARIS,2020
NO2,28.0,48.83796,2.408061,Boulevard Soult,ZAG PARIS,2020
NO2,37.0,48.85278,2.360556,Quai des Celestins,ZAG PARIS,2020
NO2,17.0,48.7067,2.4572,MONTGERON,ZAG PARIS,2020
NO2,24.0,48.891388,2.240556,LA DEFENSE,ZAG PARIS,2020
NO2,23.0,48.902504,2.4525,BOBIGNY,ZAG PARIS,2020
NO2,18.0,48.830387,2.269889,PARIS Stade Lenglen,ZAG PARIS,2020
NO2,49.0,48.64093,2.26872,RN20 - MONTLHERY,ZAG PARIS,2020
NO2,20.0,48.95555,2.575278,TREMBLAY-EN-FRANCE,ZAG PARIS,2020
NO2,19.0,48.62722,2.429167,EVRY,ZAG PARIS,2020
NO2,4.0,48.3547,2.6453,Zone Rurale SE,ZR ILE-DE-FRANCE,2020
NO2,49.0,48.838615,2.412781,Bld peripherique Est,ZAG PARIS,2020
NO2,14.0,49.4983,0.142706,Le Havre Massillon,ZAR LE-HAVRE,2020
NO2,11.0,49.50273,0.232486,Gonfreville l Orcher,ZAR LE-HAVRE,2020
NO2,10.0,49.493332,0.571853,NDGravenchon Pasteur,ZAR LE-HAVRE,2020
NO2,6.0,49.498417,0.758697,Maison Parc Brotonne,ZR NORMANDIE,2020
NO2,24.0,49.500187,0.110903,Le Havre Lafaurie-montant,ZAR LE-HAVRE,2020
NO2,9.0,49.514686,0.100645,Le Havre ville-haute,ZAR LE-HAVRE,2020
NO2,13.0,50.35853,3.50804,Valenciennes Acacias,ZAG BLDV,2020
NO2,12.0,50.37822,3.06586,Douai Theuriet,ZAG BLDV,2020
NO2,25.0,50.36425,3.52273,Valenciennes Wallon,ZAG BLDV,2020
NO2,11.0,50.27936,3.97691,Maubeuge Joyeuse,ZR HAUTS-DE-FRANCE,2020
NO2,11.0,50.32276,3.39593,Denain Villars,ZAG BLDV,2020
NO2,5.0,50.09225,3.85003,Cartignies,ZR HAUTS-DE-FRANCE,2020
NO2,10.0,50.45647,3.42794,Saint Amand,ZAG BLDV,2020
NO2,16.0,45.79728,3.113833,Montferrand,ZAG CLERMONT-FERRAND,2020
NO2,16.0,45.772167,3.0875,Jardin Lecoq,ZAG CLERMONT-FERRAND,2020
NO2,3.0,46.652668,3.600667,Paray le Fresil,ZR AUVERGNE-RHONE-ALPES,2020
NO2,29.0,45.775696,3.09625,Clermont-Esplanade Gare,ZAG CLERMONT-FERRAND,2020
NO2,22.0,45.774728,3.062978,Chamalières Europe,ZAG CLERMONT-FERRAND,2020
NO2,9.0,46.659048,3.249247,Villeneuve sur Allier,ZAR MOULINS,2020
NO2,10.0,45.769,3.155,Beaulieu,ZAG CLERMONT-FERRAND,2020
NO2,8.0,44.92008,2.441082,Aurillac-Lagarde,ZR AUVERGNE-RHONE-ALPES,2020
NO2,27.0,45.780434,3.111592,Edouard Michelin,ZAG CLERMONT-FERRAND,2020
NO2,12.0,45.039001,3.887001,Le Puy-Causans,ZR AUVERGNE-RHONE-ALPES,2020
NO2,11.0,46.5619722,3.34063888888888,Moulins Centre,ZAR MOULINS,2020
NO2,12.0,46.340723,2.593945,Montluçon,ZR AUVERGNE-RHONE-ALPES,2020
NO2,12.0,46.130431,3.425694,Vichy,ZR AUVERGNE-RHONE-ALPES,2020
NO2,8.0,45.764111,3.046111,Royat Périurbaine,ZAG CLERMONT-FERRAND,2020
NO2,11.0,45.89674,3.122254,Riom Périurbaine,ZAG CLERMONT-FERRAND,2020
NO2,19.0,43.611302,3.86626,Montpellier Chaptal,ZAG MONTPELLIER,2020
NO2,32.0,43.6051,3.87464,Montpellier St Denis,ZAG MONTPELLIER,2020
NO2,15.0,43.5915,3.88681,Montpellier Prés d'Arènes,ZAG MONTPELLIER,2020
NO2,10.0,43.6758,4.08838,Lunel Viel,ZR OCCITANIE,2020
NO2,6.0,43.2875,3.50484,Agathois-piscénois,ZR OCCITANIE,2020
NO2,21.0,43.6096,3.89878,Pompignane,ZAG MONTPELLIER,2020
NO2,14.0,43.8344,4.3744,Nimes Gauzy,ZAR NIMES,2020
NO2,25.0,43.8299,4.36199,Nimes Planas,ZAR NIMES,2020
NO2,12.0,43.9254,4.26581,Nimes La Calmette,ZAR NIMES,2020
NO2,13.0,42.6835,2.90351,Perpignan Rigaud,ZAR PERPIGNAN,2020
NO2,16.0,42.6955,2.90053,Perpignan Les Carmes,ZAR PERPIGNAN,2020
NO2,13.0,46.162647,-1.153684,place de VERDUN,ZR NOUVELLE-AQUITAINE,2020
NO2,7.0,46.135134,-1.117086,Aytré,ZR NOUVELLE-AQUITAINE,2020
NO2,8.0,46.586958,0.358458,Les Couronneries,ZAR POITIERS,2020
NO2,14.0,45.60882,0.099722,La Couronne,ZR NOUVELLE-AQUITAINE,2020
NO2,17.0,46.329586,-0.458889,Niort Ferry,ZAR NIORT,2020
NO2,12.0,45.647428,0.167162,Square Pablo Casals,ZR NOUVELLE-AQUITAINE,2020
NO2,21.0,45.651464,0.162391,ANGOULEME-GAMBETTA,ZR NOUVELLE-AQUITAINE,2020
NO2,6.0,46.824368,-0.135461,AIRVAULT 2,ZR NOUVELLE-AQUITAINE,2020
NO2,2.0,46.143234,-0.395913,Zoodyssée Chizé,ZR NOUVELLE-AQUITAINE,2020
NO2,8.0,46.320028,-0.482861,Niort Venise,ZAR NIORT,2020
NO2,22.0,46.321976,-0.4664312,Niort Trafic 6,ZAR NIORT,2020
NO2,29.0,46.591231,0.34039,Poitiers-Le Nain,ZAR POITIERS,2020
NO2,14.0,46.583998,0.345582,Poitiers Centre  Augouard,ZAR POITIERS,2020
NO2,12.0,51.01943,2.25099,Mardyck,ZAR COTE-D-OPALE,2020
NO2,14.0,51.032761,2.332358,St Pol mer - cheminots,ZAR COTE-D-OPALE,2020
NO2,10.0,50.94989,1.76917,Sangatte,ZAR COTE-D-OPALE,2020
NO2,12.0,50.9578,1.89008,Calais Parmentier,ZAR COTE-D-OPALE,2020
NO2,10.0,50.99594,2.36627,Cappelle la Grande,ZAR COTE-D-OPALE,2020
NO2,8.0,50.69435,1.57657,Outreau,ZAR COTE-D-OPALE,2020
NO2,14.0,51.02446,2.30215,Grande-synthe,ZAR COTE-D-OPALE,2020
NO2,11.0,50.74823,2.25978,St Omer Ribot,ZAR COTE-D-OPALE,2020
NO2,19.0,50.6407944,3.074772,Lille Leeds,ZAG LILLE,2020
NO2,17.0,50.62805,3.09031,Lille Fives,ZAG LILLE,2020
NO2,12.0,50.775482,3.12568,Halluin stade,ZAG LILLE,2020
NO2,23.0,50.706535,3.18066,Roubaix Serres,ZAG LILLE,2020
NO2,14.0,43.575694,1.418064,ECOLE M.JACQUIER,ZAG TOULOUSE,2020
NO2,1.0,43.6287,0.179069,PEYRUSSE,ZR OCCITANIE,2020
NO2,15.0,43.623606,1.438531,Toulouse Mazades,ZAG TOULOUSE,2020
NO2,12.0,43.927769,2.145897,ALBI DELMAS,ZR OCCITANIE,2020
NO2,14.0,43.587344,1.444003,Toulouse Berthelot,ZAG TOULOUSE,2020
NO2,10.0,43.096247,-0.040497,LOURDES LAPACCA,ZR OCCITANIE,2020
NO2,14.0,43.633478,1.375717,Toulouse aéroport côté trafic,ZAG TOULOUSE,2020
NO2,11.0,43.094992,-0.052394,LOURDES PARADIS,ZR OCCITANIE,2020
NO2,11.0,43.230297,0.062339,Tarbes lycée Dupuy,ZR OCCITANIE,2020
NO2,7.0,43.610497,2.23015,Stade Travet CASTRES,ZR OCCITANIE,2020
NO2,30.0,43.643944,1.468244,TRAFIC_TOULOUSE,ZAG TOULOUSE,2020
NO2,35.0,43.610386,1.4152,Toulouse Port de l'Embouchure,ZAG TOULOUSE,2020
NO2,12.0,44.35699225,2.57070422,Rodez,ZR OCCITANIE,2020
NO2,5.0,49.90778,4.63,REVIN,ZR GRAND-EST,2020
NO2,13.0,49.28222,4.051111,BETHENY,ZAR REIMS,2020
NO2,31.0,49.250732,4.023064,DOUMER,ZAR REIMS,2020
NO2,13.0,49.224167,4.020556,Jean d Aulan,ZAR REIMS,2020
NO2,9.0,48.962223,4.36,CHALONS,ZR GRAND-EST,2020
NO2,19.0,49.0461,3.955911,Rempart Perrier,ZR GRAND-EST,2020
NO2,8.0,48.7266,4.594781,Capitainerie,ZR GRAND-EST,2020
NO2,12.0,48.301666,4.076944,Troyes La Tour ,ZR GRAND-EST,2020
NO2,10.0,48.295002,4.050278,STE SAVINE,ZR GRAND-EST,2020
NO2,8.0,48.645836,4.966111,St DIZIER L. Michel,ZR GRAND-EST,2020
NO2,12.0,49.745277,4.719167,CHARLEVILLE,ZR GRAND-EST,2020
NO2,13.0,45.07954,5.728653,Champ sur Drac,ZAG GRENOBLE,2020
NO2,14.0,45.360176,5.589419,Voiron Urbain,ZAG GRENOBLE,2020
NO2,20.0,45.1828,5.7531,St Martin d'Heres,ZAG GRENOBLE,2020
NO2,30.0,45.158363,5.703764,Le Rondeau,ZAG GRENOBLE,2020
NO2,16.0,45.1619,5.7356,Grenoble Les Frenes,ZAG GRENOBLE,2020
NO2,8.0,45.0578,5.6767,Grenoble PeriurbSud,ZAG GRENOBLE,2020
NO2,38.0,45.18069,5.720625,Grenoble Boulevards,ZAG GRENOBLE,2020
NO2,13.0,45.2797,5.8822,Gresivaudan Periurb,ZAG GRENOBLE,2020
NO2,25.0,48.608818,7.708917,Strasbourg Ouest,ZAG STRASBOURG,2020
NO2,12.0,48.919357,8.158458,Nord-Est Alsace,ZR GRAND-EST,2020
NO2,17.0,48.610363,7.781631,Strasbourg Nord,ZAG STRASBOURG,2020
NO2,9.0,48.85731,7.314175,Vosges du Nord,ZR GRAND-EST,2020
NO2,32.0,48.59043,7.744983,Strasbourg Clemenceau,ZAG STRASBOURG,2020
NO2,19.0,48.570374,7.766331,Strasbourg Est,ZAG STRASBOURG,2020
NO2,34.0,48.575985,7.727478,Strasbourg A35,ZAG STRASBOURG,2020
NO2,20.0,48.0744444,7.3505555,Colmar Centre,ZR GRAND-EST,2020
NO2,19.0,47.757435,7.347294,Mulhouse Nord,ZR GRAND-EST,2020
NO2,19.0,47.820248,7.538683,Chalampé,ZR GRAND-EST,2020
NO2,15.0,47.594913,7.568175,C.C.3 Frontières,ZR GRAND-EST,2020
NO2,13.0,47.737415,7.309075,Mulhouse Sud 2,ZR GRAND-EST,2020
NO2,29.0,47.747684,7.321364,Mulhouse-Briand,ZR GRAND-EST,2020
NO2,3.0,48.492992,7.1298,Donon Vosges Moyennes 2,ZR GRAND-EST,2020
NO2,14.0,49.276386,2.482167,Nogent sur Oise,ZAR CREIL,2020
NO2,9.0,49.86889,2.239806,Salouel,ZAR AMIENS,2020
NO2,14.0,49.851334,3.284,P. Roth St Quentin,ZR HAUTS-DE-FRANCE,2020
NO2,16.0,49.259552,2.474397,Faiencerie Creil,ZAR CREIL,2020
NO2,12.0,49.901667,2.304597,St Pierre Amiens,ZAR AMIENS,2020
NO2,22.0,49.435932,2.084292,Trafic Beauvais 1,ZR HAUTS-DE-FRANCE,2020
NO2,16.0,48.10861,-1.66586,Rennes Laennec,ZAG RENNES,2020
NO2,21.0,48.10751,-1.67984,Rennes Les Halles,ZAG RENNES,2020
NO2,12.0,48.11078,-1.68293,Rennes St-Yves,ZAG RENNES,2020
NO2,9.0,48.38618,-4.4866,Brest Mace,ZAR BREST,2020
NO2,20.0,48.39746,-4.48871,Brest Desmoulins,ZAR BREST,2020
NO2,4.0,48.261963,-2.943631,Kergoff,ZR BRETAGNE,2020
NO2,8.0,47.75171,-3.37501,Lorient CTM,ZR BRETAGNE,2020
NO2,7.0,47.7425,-3.39501,Lorient B. Bissonnet,ZR BRETAGNE,2020
NO2,8.0,47.64892,-2.76399,Vannes UTA,ZR BRETAGNE,2020
NO2,16.0,47.758947,-3.36938,Lorient Normandie,ZR BRETAGNE,2020
NO2,6.0,47.986606,-4.097658,Quimper Zola,ZR BRETAGNE,2020
NO2,8.0,48.51351,-2.74953,Saint Brieuc Balzac,ZR BRETAGNE,2020
NO2,7.0,48.65306,-2.00268,StMalo Rocabey,ZR BRETAGNE,2020
NO2,41.0,45.720024,4.818156,A7 SUD LYONNAIS,ZAG LYON,2020
NO2,23.0,45.73529,4.829794,GERLAND,ZAG LYON,2020
NO2,31.0,45.75836,4.886214,GRANDCLEMENT,ZAG LYON,2020
NO2,22.0,45.7078,4.8644,ST FONS CENTRE,ZAG LYON,2020
NO2,15.0,45.6019,4.8022,TERNAY,ZAG LYON,2020
NO2,18.0,45.7789,4.9247,VAULX EN VELIN,ZAG LYON,2020
NO2,14.0,45.823223,4.953958,COTIERE AIN,ZAG LYON,2020
NO2,10.0,45.7533,5.0722,SAINT EXUPERY,ZAG LYON,2020
NO2,21.0,45.757732,4.854214,LYON Centre,ZAG LYON,2020
NO2,49.0,45.77482,4.898572,Lyon Périphérique,ZAG LYON,2020
NO2,31.0,45.7496944,4.84438888888888,LYON TRAFIC JAURES,ZAG LYON,2020
NO2,18.0,45.990112,4.715566,Villefranche Centre ,ZAG LYON,2020
NO2,11.0,49.19222,-0.391111,Caen Chemin-Vert,ZAR CAEN,2020
NO2,19.0,49.17508,-0.353563,Caen Vaucelles,ZAR CAEN,2020
NO2,9.0,49.15167,-0.352778,IFS Caen sud,ZAR CAEN,2020
NO2,9.0,49.147224,0.227222,Lisieux,ZR NORMANDIE,2020
NO2,8.0,48.445553,0.110833,Alençon Météo-France,ZR NORMANDIE,2020
NO2,10.0,49.63639,-1.626667,cherbourg doumer,ZR NORMANDIE,2020
NO2,8.0,49.11639,-1.084722,Saint-Lô Eglise,ZR NORMANDIE,2020
NO2,9.0,49.117196,-0.169666,Moult proximité,ZR NORMANDIE,2020
NO2,12.0,49.165726,6.716886,Ecole de Carling(9),ZR GRAND-EST,2020
NO2,10.0,49.158413,6.731664,L Hôpital - Mairie,ZR GRAND-EST,2020
NO2,9.0,49.19539,6.957444,Spicheren(14),ZR GRAND-EST,2020
NO2,14.0,49.220364,6.925833,SCHOENECK (19),ZR GRAND-EST,2020
NO2,14.0,49.18742,6.910867,Station de FORBACH,ZR GRAND-EST,2020
NO2,7.0,47.324097,-2.081567,AMPERE,ZAG NANTES-SAINT-NAZAIRE,2020
NO2,7.0,47.322706,-2.039244,LA MEGRETAIS,ZAG NANTES-SAINT-NAZAIRE,2020
NO2,4.0,47.24747,-1.936619,FROSSAY,ZR PAYS-DE-LA-LOIRE,2020
NO2,4.0,47.28318,-1.783164,S ETIENNE DE MONTLUC,ZAG NANTES-SAINT-NAZAIRE,2020
NO2,8.0,47.315727,-2.190764,JULES VERNE,ZAG NANTES-SAINT-NAZAIRE,2020
NO2,8.0,47.054443,-0.886111,SAINT EXUPERY,ZR PAYS-DE-LA-LOIRE,2020
NO2,11.0,47.252777,-1.573333,LA CHAUVINIERE,ZAG NANTES-SAINT-NAZAIRE,2020
NO2,7.0,47.26412,-2.249858,LEON BLUM,ZAG NANTES-SAINT-NAZAIRE,2020
NO2,10.0,47.468513,-0.556053,BEAUX ARTS,ZAR ANGERS-LOIRE,2020
NO2,9.0,48.06943,-0.767692,MAZAGRAN,ZAR LAVAL,2020
NO2,4.0,46.656685,-0.743681,LA TARDIERE,ZR PAYS-DE-LA-LOIRE,2020
NO2,23.0,47.204356,-1.552914,VICTOR HUGO,ZAG NANTES-SAINT-NAZAIRE,2020
NO2,9.0,47.44739,-0.550067,APPENTIS,ZAR ANGERS-LOIRE,2020
NO2,7.0,46.6607,-1.436831,DELACROIX,ZR PAYS-DE-LA-LOIRE,2020
NO2,6.0,47.331524,-2.151625,BONNE FONTAINE,ZAG NANTES-SAINT-NAZAIRE,2020
NO2,10.0,47.98892,0.195983,GUEDOU,ZAR LE-MANS,2020
NO2,5.0,47.78773,-0.444044,SAINT-DENIS D'ANJOU,ZR PAYS-DE-LA-LOIRE,2020
NO2,8.0,47.273056,-2.223056,PARC PAYSAGER,ZAG NANTES-SAINT-NAZAIRE,2020
NO2,9.0,47.971066,0.221422,SOURCES,ZAR LE-MANS,2020
NO2,11.0,47.2225,-1.5375,CIM BOUTEILLERIE,ZAG NANTES-SAINT-NAZAIRE,2020
NO2,12.0,47.1941472,-1.581677778,LEVOYER,ZAG NANTES-SAINT-NAZAIRE,2020
NO2,11.0,47.1859194,-1.59149722222222,LES COUETS,ZAG NANTES-SAINT-NAZAIRE,2020
NO2,23.0,43.598803,7.093153,ANTIBES JEAN MOULIN,ZAG NICE,2020
NO2,16.0,43.558389,7.005919,CANNES BROUSSAILLES,ZAG NICE,2020
NO2,9.0,43.835784,5.786131,MANOSQUE,ZR PROVENCE-ALPES-COTE D’AZUR,2020
NO2,12.0,43.788748,7.332382,CONTES 2,ZAG NICE,2020
NO2,17.0,44.555193,6.073015,GAP COMMANDERIE,ZR PROVENCE-ALPES-COTE D’AZUR,2020
NO2,28.0,43.689291,7.242074,NICE PROMENADE,ZAG NICE,2020
NO2,24.0,43.702075,7.286256,NICE ARSON,ZAG NICE,2020
NO2,22.0,44.548647,6.067237,GAP JEAN JAURES,ZR PROVENCE-ALPES-COTE D’AZUR,2020
NO2,17.0,49.442358,1.093789,Espace du Palais,ZAG ROUEN,2020
NO2,10.0,49.02134,1.148319,Evreux Centre,ZR NORMANDIE,2020
NO2,12.0,49.4005,1.099042,Centre Hospitalier,ZAG ROUEN,2020
NO2,16.0,49.42815,1.058025,Petit Quevilly,ZAG ROUEN,2020
NO2,25.0,49.918007,1.073972,Dieppe prox-auto,ZAR DIEPPE,2020
NO2,30.0,49.436699,1.098838,Rouen Proxi Quai de Paris,ZAG ROUEN,2020
NO2,37.0,49.4341639,1.067052778,Petit-Quevilly Sud 3,ZAG ROUEN,2020
NO2,11.0,47.307368,5.065881,Dijon Péjoces,ZAR DIJON,2020
NO2,2.0,47.274762,4.099476,Morvan,ZR BOURGOGNE-FRANCHE-COMTE,2020
NO2,17.0,47.325744,5.041056,Dijon Trémouille,ZAR DIJON,2020
NO2,9.0,48.200436,3.2773,Sens,ZR BOURGOGNE-FRANCHE-COMTE,2020
NO2,8.0,46.996828,3.171092,Nevers,ZR BOURGOGNE-FRANCHE-COMTE,2020
NO2,16.0,47.137231,4.950573,Nuits-Saint-Georges,ZR BOURGOGNE-FRANCHE-COMTE,2020
NO2,16.0,47.315459,5.040202,Dijon-Transvaal,ZAR DIJON,2020
NO2,19.0,45.36782,4.805147,ROUSSILLON,ZAR VALLEE-DU-RHONE,2020
NO2,12.0,45.454517,4.766528,ROCHES DE CONDRIEU,ZR AUVERGNE-RHONE-ALPES,2020
NO2,9.0,45.321845,4.770702,Sablons,ZAR VALLEE-DU-RHONE,2020
NO2,10.0,45.60822,5.270872,Bourgoin-Jallieu,ZAG LYON,2020
NO2,4.0,45.4609,5.181081,Plateau de Bonnevaux,ZR AUVERGNE-RHONE-ALPES,2020
NO2,37.0,45.344078,4.807481,A7 Salaise Ouest,ZAR VALLEE-DU-RHONE,2020
NO2,12.0,50.44914,2.9,Harnes Serres,ZAG BLDV,2020
NO2,12.0,50.30886,2.807369,St-Laurent-Blangy,ZAR ARRAS,2020
NO2,11.0,50.535385,2.635692,Bethune Stade,ZAG BLDV,2020
NO2,8.0,50.48972,2.66642,Noeux-les-Mines,ZAG BLDV,2020
NO2,14.0,46.04111,4.074656,ROANNE,ZR AUVERGNE-RHONE-ALPES,2020
NO2,15.0,45.42009,4.395422,SAINT ETIENNE SUD,ZAG SAINT-ETIENNE,2020
NO2,21.0,45.475327,4.515003,SAINT-CHAMOND,ZAG SAINT-ETIENNE,2020
NO2,28.0,45.533424,4.623939,RIVE DE GIER,ZAG SAINT-ETIENNE,2020
NO2,12.0,45.481777,4.429667,LA TALAUDIERE,ZAG SAINT-ETIENNE,2020
NO2,29.0,45.4479806,4.388763889,ST ETIENNE BD URBAIN ,ZAG SAINT-ETIENNE,2020
NO2,20.0,48.685856,6.175111,Hotel Districal,ZAG NANCY,2020
NO2,11.0,48.024605,6.585836,Remiremont,ZR GRAND-EST,2020
NO2,9.0,48.1726528,6.45281666,Epinal,ZR GRAND-EST,2020
NO2,13.0,48.77586,5.162789,Bar Le Duc,ZR GRAND-EST,2020
NO2,14.0,48.621502,6.194922,Fléville,ZAG NANCY,2020
NO2,13.0,48.63334,6.304828,St-Nicolas,ZAG NANCY,2020
NO2,16.0,48.584824,6.4839,Luneville,ZR GRAND-EST,2020
NO2,2.0,48.051117,7.011114,Schlucht,ZR GRAND-EST,2020
NO2,7.0,48.694725,6.965275,Heming,ZR GRAND-EST,2020
NO2,6.0,49.06583,5.785556,Jonville en Woevre,ZR GRAND-EST,2020
NO2,14.0,48.68817,6.190431,Nancy-Charles III,ZAG NANCY,2020
NO2,19.0,48.69708,6.154194,Nancy-Libération,ZAG NANCY,2020
NO2,10.0,48.656944,6.136022,Nancy-Brabois 2,ZAG NANCY,2020
NO2,12.0,44.86121,-0.58037,GRAND PARC,ZAG BORDEAUX,2020
NO2,12.0,44.800462,-0.589398,TALENCE,ZAG BORDEAUX,2020
NO2,16.0,44.849647,-0.544995,BORDEAUX-BASTIDE,ZAG BORDEAUX,2020
NO2,18.0,44.841373,-0.651068,MERIGNAC,ZAG BORDEAUX,2020
NO2,12.0,44.900296,-0.515835,BASSENS,ZAG BORDEAUX,2020
NO2,2.0,44.86581,-0.94,LE TEMPLE,ZR NOUVELLE-AQUITAINE,2020
NO2,6.0,45.014777,-0.533942,AMBES,ZAG BORDEAUX,2020
NO2,11.0,43.310797,-0.391543,BILLERE,ZR NOUVELLE-AQUITAINE,2020
NO2,11.0,43.47982,-1.489157,SAINT-CROUTS,ZR NOUVELLE-AQUITAINE,2020
NO2,18.0,43.494041,-1.528753,ANGLET,ZR NOUVELLE-AQUITAINE,2020
NO2,9.0,43.41123,-0.617728,LACQ,ZR NOUVELLE-AQUITAINE,2020
NO2,8.0,43.376279,-0.538206,LABASTIDE CEZERACQ,ZR NOUVELLE-AQUITAINE,2020
NO2,4.0,43.377194,-0.610278,MOURENX,ZR NOUVELLE-AQUITAINE,2020
NO2,9.0,45.189825,0.727184,PERIGUEUX,ZR NOUVELLE-AQUITAINE,2020
NO2,10.0,43.704643,-1.038557,DAX,ZR NOUVELLE-AQUITAINE,2020
NO2,20.0,43.311091,-0.352116,PAU TOURASSE,ZR NOUVELLE-AQUITAINE,2020
NO2,14.0,44.508782,0.142695,MARMANDE,ZR NOUVELLE-AQUITAINE,2020
NO2,13.0,43.8961,-0.491403,MONT DE MARSAN,ZR NOUVELLE-AQUITAINE,2020
NO2,10.0,43.470237,-1.553876,Biarritz-hippodrome,ZR NOUVELLE-AQUITAINE,2020
NO2,31.0,44.833825,-0.598525,Bordeaux_GAUTIER,ZAG BORDEAUX,2020
NO2,20.0,46.782311,4.847322,Chalon Centre Ville,ZAR CHALON,2020
NO2,14.0,46.821056,4.835083,Champforgueil,ZAR CHALON,2020
NO2,13.0,46.678785,4.366893,Montceau-les-Mines 9me écluse,ZR BOURGOGNE-FRANCHE-COMTE,2020
NO2,15.0,46.316172,4.839994,Macon Paul Bert,ZR BOURGOGNE-FRANCHE-COMTE,2020
NO2,18.0,45.56472,5.928333,PASTEUR,ZAR PAYS-DE-SAVOIE,2020
NO2,13.0,45.59667,5.918611,CHAMBERY LE HAUT,ZAR PAYS-DE-SAVOIE,2020
NO2,22.0,45.56943,5.932986,Chambéry Trafic,ZAR PAYS-DE-SAVOIE,2020
NO2,11.0,45.274723,6.349722,SAINT JEAN,ZR AUVERGNE-RHONE-ALPES,2020
NO2,11.0,45.209364,6.480326,Maurienne Trafic,ZR AUVERGNE-RHONE-ALPES,2020
NO2,18.0,45.9225,6.87,CHAMONIX,ZAR VALLEE-DE-L-ARVE,2020
NO2,15.0,45.675,6.389722,Albertville,ZAR VALLEE-DE-LA-TARANTAISE,2020
NO2,18.0,45.89528,6.118333,LOVERCHY,ZAR PAYS-DE-SAVOIE,2020
NO2,14.0,45.916943,6.135556,NOVEL,ZAR PAYS-DE-SAVOIE,2020
NO2,28.0,45.9097,6.11825,ANNECY Rocade,ZAR PAYS-DE-SAVOIE,2020
NO2,17.0,46.19583,6.240556,ANNEMASSE,ZAR PAYS-DE-SAVOIE,2020
NO2,13.0,46.193641,6.214534,GAILLARD,ZAR PAYS-DE-SAVOIE,2020
NO2,23.0,46.1908111,6.23553611111111,ANNEMASSE TRAFIC,ZAR PAYS-DE-SAVOIE,2020
NO2,14.0,45.92361,6.713611,PASSY,ZAR VALLEE-DE-L-ARVE,2020
NO2,31.0,45.907223,6.845833,BOSSONS,ZAR VALLEE-DE-L-ARVE,2020
NO2,6.0,46.072224,5.820833,St Germain/Rhône,ZR AUVERGNE-RHONE-ALPES,2020
NO2,13.0,46.211666,5.226389,Bourg-en-Bresse,ZR AUVERGNE-RHONE-ALPES,2020
NO2,21.0,47.907083,1.901139,Gambetta,ZAG ORLEANS,2020
NO2,9.0,47.917398,1.966258,St Jean,ZAG ORLEANS,2020
NO2,8.0,47.997889,2.7195,Montargis,ZR CENTRE-VAL DE LOIRE,2020
NO2,10.0,47.344139,0.653778,Joué lès Tours,ZAG TOURS,2020
NO2,10.0,47.419083,0.682944,La Bruyère,ZAG TOURS,2020
NO2,23.0,47.394639,0.704861,Pompidou,ZAG TOURS,2020
NO2,7.0,47.83775,1.944667,La_Source-CNRS,ZAG ORLEANS,2020
NO2,11.0,47.075044,2.407183,Bourges-Baffier,ZR CENTRE-VAL DE LOIRE,2020
NO2,8.0,47.082778,2.405333,Leblanc,ZR CENTRE-VAL DE LOIRE,2020
NO2,2.0,46.814694,2.610069,Verneuil,ZR CENTRE-VAL DE LOIRE,2020
NO2,7.0,48.729694,1.358472,Dreux Centre,ZAR CHARTRES-DREUX,2020
NO2,20.0,48.760889,1.233639,Saint-Remy,ZAR CHARTRES-DREUX,2020
NO2,15.0,48.449158,1.492469,Chartres_trafic,ZAR CHARTRES-DREUX,2020
NO2,7.0,46.798278,1.693139,Chateauroux Sud,ZR CENTRE-VAL DE LOIRE,2020
NO2,11.0,46.942941,2.003258,Issoudun Trafic ZR,ZR CENTRE-VAL DE LOIRE,2020
NO2,7.0,47.594256,1.302667,Blois nord,ZAR BLOIS,2020
NO2,13.0,47.586544,1.326533,Blois_trafic,ZAR BLOIS,2020
NO2,17.0,48.006936,2.740111,Montargis_trafic,ZR CENTRE-VAL DE LOIRE,2020
NO2,8.0,47.996994,2.731511,Montargis Fond,ZR CENTRE-VAL DE LOIRE,2020
NO2,5.0,45.884851,0.898431,ST JUNIEN - Fontaine,ZR NOUVELLE-AQUITAINE,2020
NO2,11.0,45.158738,1.537259,BRIVE - Dalton,ZR NOUVELLE-AQUITAINE,2020
NO2,8.0,46.17362,1.873024,GUERET - Nicolas,ZR NOUVELLE-AQUITAINE,2020
NO2,10.0,45.262665,1.762752,TULLE - Hugo,ZR NOUVELLE-AQUITAINE,2020
NO2,21.0,45.829975,1.254772,LIMOGES - Aine,ZAR LIMOGES,2020
NO2,6.0,45.875834,0.823951,SAILLAT - Ipaper,ZR NOUVELLE-AQUITAINE,2020
NO2,13.0,45.842204,1.259689,LIMOGES - BERLAND,ZAR LIMOGES,2020
NO2,13.0,44.870243,4.876289,Valence Périurb. Sud,ZAR VALLEE-DU-RHONE,2020
NO2,16.0,44.933514,4.893481,Valence Urb. Centre,ZAR VALLEE-DU-RHONE,2020
NO2,10.0,45.0425,5.0443,Romans-sur-Isère,ZAR VALLEE-DU-RHONE,2020
NO2,2.0,44.569443,5.278972,Drôme Rurale Sud-SND,ZR AUVERGNE-RHONE-ALPES,2020
NO2,25.0,44.9492,4.890133,A7 Valence Est,ZAR VALLEE-DU-RHONE,2020
NO2,7.0,16.257308,-61.591725,ST de Baie mahault,ZAG POINTE-A-PITRE,2020
NO2,9.0,16.23674,-61.534101,PTP-VICTOIRE,ZAG POINTE-A-PITRE,2020
NO2,10.0,16.25066,-61.527794,ST Vieux Bourg ABYMES,ZAG POINTE-A-PITRE,2020
NO2,8.0,15.994349,-61.727203,BT_PICHON,ZR GUADELOUPE,2020
NO2,8.0,-20.889893,55.46884,LYC. LISLET GEOFFROY,ZAR SAINT-DENIS,2020
NO2,6.0,-20.884575,55.453906,Ecole JOINVILLE,ZAR SAINT-DENIS,2020
NO2,4.0,-20.910585,55.618977,Ecole La Marine,ZAR SAINT-DENIS,2020
NO2,9.0,-21.334406,55.45906,Station Luther King,ZAR VOLCAN,2020
NO2,6.0,-21.312895,55.474194,Ligne Paradis,ZAR VOLCAN,2020
NO2,3.0,-21.204815,55.58262,Station Bourg-Murat,ZAR VOLCAN,2020
NO2,13.0,-20.9498,55.313828,Centre Penitencier,ZAR SAINT-DENIS,2020
NO2,8.0,-21.022112,55.266773,Plateau Caillou,ZAR SAINT-DENIS,2020
NO2,5.0,-21.032139,55.232563,Grand Fond,ZAR SAINT-DENIS,2020
NO2,17.0,-21.331703,55.478949,BD BANKS,ZAR VOLCAN,2020
NO2,11.0,-21.213212,55.302844,RDT SAINT-LEU,ZR LA REUNION,2020
NO2,10.0,-20.928686,55.332581,Terrain de Sel,ZAR SAINT-DENIS,2020
NO2,6.0,-21.277075,55.403065,Sarda Garriga,ZAR VOLCAN,2020
NO2,8.0,14.610653,-61.002586,Lamentin,ZAR FORT-DE-FRANCE,2020
NO2,25.0,14.613844,-61.063492,Concorde,ZAR FORT-DE-FRANCE,2020
NO2,1.0,14.468869,-60.927417,Sainte_Luce,ZR MARTINIQUE,2020
NO2,4.0,14.678025,-60.939056,Robert Bourg,ZAR FORT-DE-FRANCE,2020
NO2,2.0,14.601469,-61.085331,Bellevue,ZAR FORT-DE-FRANCE,2020
NO2,2.0,5.164248,-52.64649,Kourou Gaston Monnerville Brady,ZR GUYANE,2020
NO2,3.0,4.84816,-52.3238,Kalou,ZAR ILE-DE-CAYENNE,2020
NO2,3.0,4.9378467,-52.32093,Caiena3,ZAR ILE-DE-CAYENNE,2020
NO2,0.0,5.034602,-52.563795,Matiti,ZR GUYANE,2020
NO2,13.0,41.924694,8.735694,AJACCIO CANETTO,ZAR AJACCIO,2020
NO2,9.0,42.697917,9.446417,BASTIA GIRAUD,ZAR BASTIA,2020
NO2,6.0,41.958028,8.820278,AJACCIO PIATANICCIA,ZAR AJACCIO,2020
NO2,5.0,42.535833,9.475972,BASTIA LA MARANA,ZAR BASTIA,2020
NO2,6.0,41.949222,8.757583,AJACCIO SPOSATA,ZAR AJACCIO,2020
NO2,5.0,42.671333,9.434639,BASTIA MONTESORO,ZAR BASTIA,2020
NO2,1.0,42.236028,9.190028,VENACO,ZR CORSE,2020
NO2,26.0,41.92575,8.738278,AJACCIO ABBATUCCI,ZAR AJACCIO,2020
NO2,15.0,42.702833,9.446389,BASTIA FANGO,ZAR BASTIA,2020
NO2,22.0,48.572808,7.767833,Strasbourg Neudorf Ecoquartier Danube,ZAG STRASBOURG,2020
NO2,11.0,-12.761174,45.226197,Kawéni Nord,ZR MAYOTTE,2020
NO2,14.0,44.01285657,1.37530522,Montauban,ZR OCCITANIE,2020
NO2,19.0,47.235973,6.023611,Besancon Mégevand,ZAR BESANCON,2020
NO2,13.0,47.2474,6.015419,Besançon Prévoyance,ZAR BESANCON,2020
NO2,16.0,47.510307,6.794,Montbéliard centre,ZAR BELFORT-MONTBELIARD,2020
NO2,17.0,47.640667,6.859278,Belfort Octroi,ZAR BELFORT-MONTBELIARD,2020
NO2,12.0,47.09672,5.496389,Dole centre,ZR BOURGOGNE-FRANCHE-COMTE,2020
NO2,8.0,47.0426,5.400944,Tavaux,ZR BOURGOGNE-FRANCHE-COMTE,2020
NO2,10.0,47.065628,5.415061,Damparis,ZR BOURGOGNE-FRANCHE-COMTE,2020
